entidad_federativa,municipio_alcaldia
AGUASCALIENTES,AGUASCALIENTES
AGUASCALIENTES,ASIENTOS
AGUASCALIENTES,CALVILLO
AGUASCALIENTES,JESUS MARIA
AGUASCALIENTES,RINCON DE ROMOS
AGUASCALIENTES,TEPEZALA
BAJA CALIFORNIA,ENSENADA
BAJA CALIFORNIA,MEXICALI
BAJA CALIFORNIA,TECATE
BAJA CALIFORNIA,TIJUANA
BAJA CALIFORNIA,PLAYAS DE ROSARITO
BAJA CALIFORNIA SUR,COMONDU
BAJA CALIFORNIA SUR,MULEGE
BAJA CALIFORNIA SUR,LA PAZ
BAJA CALIFORNIA SUR,LOS CABOS
BAJA CALIFORNIA SUR,LORETO
CAMPECHE,CALKINI
CAMPECHE,CAMPECHE
CAMPECHE,CARMEN
CAMPECHE,CHAMPOTON
CAMPECHE,HECELCHAKAN
CAMPECHE,HOPELCHEN
CAMPECHE,PALIZADA
CAMPECHE,TENABO
CAMPECHE,ESCARCEGA
CAMPECHE,CALAKMUL
CAMPECHE,CANDELARIA
COAHUILA DE ZARAGOZA,ACUÑA
COAHUILA DE ZARAGOZA,ARTEAGA
COAHUILA DE ZARAGOZA,CASTAÑOS
COAHUILA DE ZARAGOZA,CUATRO CIENEGAS
COAHUILA DE ZARAGOZA,FRANCISCO I. MADERO
COAHUILA DE ZARAGOZA,FRONTERA
COAHUILA DE ZARAGOZA,GENERAL CEPEDA
COAHUILA DE ZARAGOZA,GUERRERO
COAHUILA DE ZARAGOZA,JIMENEZ
COAHUILA DE ZARAGOZA,MATAMOROS
COAHUILA DE ZARAGOZA,MONCLOVA
COAHUILA DE ZARAGOZA,MORELOS
COAHUILA DE ZARAGOZA,MUZQUIZ
COAHUILA DE ZARAGOZA,NADADORES
COAHUILA DE ZARAGOZA,NAVA
COAHUILA DE ZARAGOZA,PARRAS
COAHUILA DE ZARAGOZA,PIEDRAS NEGRAS
COAHUILA DE ZARAGOZA,RAMOS ARIZPE
COAHUILA DE ZARAGOZA,SABINAS
COAHUILA DE ZARAGOZA,SALTILLO
COAHUILA DE ZARAGOZA,SAN BUENAVENTURA
COAHUILA DE ZARAGOZA,SAN JUAN DE SABINAS
COAHUILA DE ZARAGOZA,SAN PEDRO
COAHUILA DE ZARAGOZA,SIERRA MOJADA
COAHUILA DE ZARAGOZA,TORREON
COAHUILA DE ZARAGOZA,VIESCA
COAHUILA DE ZARAGOZA,VILLA UNION
COAHUILA DE ZARAGOZA,ZARAGOZA
COLIMA,ARMERIA
COLIMA,COLIMA
COLIMA,COMALA
COLIMA,COQUIMATLAN
COLIMA,CUAUHTEMOC
COLIMA,MANZANILLO
COLIMA,MINATITLAN
COLIMA,TECOMAN
COLIMA,VILLA DE ALVAREZ
CHIAPAS,ACACOYAGUA
CHIAPAS,ACALA
CHIAPAS,ACAPETAHUA
CHIAPAS,ALTAMIRANO
CHIAPAS,AMATAN
CHIAPAS,AMATENANGO DE LA FRONTERA
CHIAPAS,AMATENANGO DEL VALLE
CHIAPAS,ANGEL ALBINO CORZO
CHIAPAS,ARRIAGA
CHIAPAS,BEJUCAL DE OCAMPO
CHIAPAS,BELLA VISTA
CHIAPAS,BERRIOZABAL
CHIAPAS,BOCHIL
CHIAPAS,EL BOSQUE
CHIAPAS,CACAHOATAN
CHIAPAS,CATAZAJA
CHIAPAS,CINTALAPA
CHIAPAS,COAPILLA
CHIAPAS,COMITAN DE DOMINGUEZ
CHIAPAS,LA CONCORDIA
CHIAPAS,COPAINALA
CHIAPAS,CHALCHIHUITAN
CHIAPAS,CHAMULA
CHIAPAS,CHANAL
CHIAPAS,CHAPULTENANGO
CHIAPAS,CHENALHO
CHIAPAS,CHIAPA DE CORZO
CHIAPAS,CHIAPILLA
CHIAPAS,CHICOASEN
CHIAPAS,CHICOMUSELO
CHIAPAS,CHILON
CHIAPAS,ESCUINTLA
CHIAPAS,FRANCISCO LEON
CHIAPAS,FRONTERA COMALAPA
CHIAPAS,FRONTERA HIDALGO
CHIAPAS,HUEHUETAN
CHIAPAS,HUITIUPAN
CHIAPAS,HUIXTLA
CHIAPAS,LA INDEPENDENCIA
CHIAPAS,IXHUATAN
CHIAPAS,IXTACOMITAN
CHIAPAS,IXTAPA
CHIAPAS,IXTAPANGAJOYA
CHIAPAS,JIQUIPILAS
CHIAPAS,JITOTOL
CHIAPAS,JUAREZ
CHIAPAS,LARRAINZAR
CHIAPAS,LA LIBERTAD
CHIAPAS,MAPASTEPEC
CHIAPAS,LAS MARGARITAS
CHIAPAS,MAZATAN
CHIAPAS,METAPA
CHIAPAS,MOTOZINTLA
CHIAPAS,NICOLAS RUIZ
CHIAPAS,OCOSINGO
CHIAPAS,OCOTEPEC
CHIAPAS,OCOZOCOAUTLA DE ESPINOSA
CHIAPAS,OSTUACAN
CHIAPAS,OSUMACINTA
CHIAPAS,OXCHUC
CHIAPAS,PALENQUE
CHIAPAS,PANTELHO
CHIAPAS,PANTEPEC
CHIAPAS,PICHUCALCO
CHIAPAS,PIJIJIAPAN
CHIAPAS,EL PORVENIR
CHIAPAS,VILLA COMALTITLAN
CHIAPAS,PUEBLO NUEVO SOLISTAHUACAN
CHIAPAS,RAYON
CHIAPAS,REFORMA
CHIAPAS,LAS ROSAS
CHIAPAS,SABANILLA
CHIAPAS,SALTO DE AGUA
CHIAPAS,SAN CRISTOBAL DE LAS CASAS
CHIAPAS,SAN FERNANDO
CHIAPAS,SILTEPEC
CHIAPAS,SIMOJOVEL
CHIAPAS,SITALA
CHIAPAS,SOCOLTENANGO
CHIAPAS,SOLOSUCHIAPA
CHIAPAS,SOYALO
CHIAPAS,SUCHIAPA
CHIAPAS,SUCHIATE
CHIAPAS,SUNUAPA
CHIAPAS,TAPACHULA
CHIAPAS,TAPALAPA
CHIAPAS,TAPILULA
CHIAPAS,TECPATAN
CHIAPAS,TENEJAPA
CHIAPAS,TEOPISCA
CHIAPAS,TILA
CHIAPAS,TONALA
CHIAPAS,TOTOLAPA
CHIAPAS,LA TRINITARIA
CHIAPAS,TUMBALA
CHIAPAS,TUXTLA GUTIERREZ
CHIAPAS,TUXTLA CHICO
CHIAPAS,TUZANTAN
CHIAPAS,TZIMOL
CHIAPAS,UNION JUAREZ
CHIAPAS,VENUSTIANO CARRANZA
CHIAPAS,VILLA CORZO
CHIAPAS,VILLAFLORES
CHIAPAS,YAJALON
CHIAPAS,SAN LUCAS
CHIAPAS,ZINACANTAN
CHIAPAS,SAN JUAN CANCUC
CHIAPAS,MONTECRISTO DE GUERRERO
CHIAPAS,SANTIAGO EL PINAR
CHIHUAHUA,AHUMADA
CHIHUAHUA,ALDAMA
CHIHUAHUA,ALLENDE
CHIHUAHUA,ASCENSION
CHIHUAHUA,BACHINIVA
CHIHUAHUA,BALLEZA
CHIHUAHUA,BOCOYNA
CHIHUAHUA,BUENAVENTURA
CHIHUAHUA,CAMARGO
CHIHUAHUA,CORONADO
CHIHUAHUA,CUAUHTEMOC
CHIHUAHUA,CHIHUAHUA
CHIHUAHUA,DELICIAS
CHIHUAHUA,GALEANA
CHIHUAHUA,GOMEZ FARIAS
CHIHUAHUA,GUADALUPE Y CALVO
CHIHUAHUA,HIDALGO DEL PARRAL
CHIHUAHUA,JIMENEZ
CHIHUAHUA,JUAREZ
CHIHUAHUA,JULIMES
CHIHUAHUA,MATAMOROS
CHIHUAHUA,MEOQUI
CHIHUAHUA,NUEVO CASAS GRANDES
CHIHUAHUA,OCAMPO
CHIHUAHUA,OJINAGA
CHIHUAHUA,SANTA BARBARA
CHIHUAHUA,SAUCILLO
CIUDAD DE MEXICO,AZCAPOTZALCO
CIUDAD DE MEXICO,COYOACAN
CIUDAD DE MEXICO,CUAJIMALPA DE MORELOS
CIUDAD DE MEXICO,GUSTAVO A. MADERO
CIUDAD DE MEXICO,IZTAPALAPA
CIUDAD DE MEXICO,LA MAGDALENA CONTRERAS
CIUDAD DE MEXICO,MILPA ALTA
CIUDAD DE MEXICO,ALVARO OBREGON
CIUDAD DE MEXICO,TLAHUAC
CIUDAD DE MEXICO,TLALPAN
CIUDAD DE MEXICO,XOCHIMILCO
CIUDAD DE MEXICO,CUAUHTEMOC
CIUDAD DE MEXICO,VENUSTIANO CARRANZA
DURANGO,CANATLAN
DURANGO,CUENCAME
DURANGO,DURANGO
DURANGO,GOMEZ PALACIO
DURANGO,GUADALUPE VICTORIA
DURANGO,GUANACEVI
DURANGO,LERDO
DURANGO,MAPIMI
DURANGO,MEZQUITAL
DURANGO,NAZAS
DURANGO,NOMBRE DE DIOS
DURANGO,EL ORO
DURANGO,PANUCO DE CORONADO
DURANGO,POANAS
DURANGO,PUEBLO NUEVO
DURANGO,SAN JUAN DEL RIO
DURANGO,SANTIAGO PAPASQUIARO
DURANGO,TAMAZULA
DURANGO,TLAHUALILO
DURANGO,TOPIA
DURANGO,VICENTE GUERRERO
GUANAJUATO,ABASOLO
GUANAJUATO,ACAMBARO
GUANAJUATO,SAN MIGUEL DE ALLENDE
GUANAJUATO,APASEO EL ALTO
GUANAJUATO,APASEO EL GRANDE
GUANAJUATO,CELAYA
GUANAJUATO,MANUEL DOBLADO
GUANAJUATO,COMONFORT
GUANAJUATO,CORONEO
GUANAJUATO,CORTAZAR
GUANAJUATO,CUERAMARO
GUANAJUATO,DOCTOR MORA
GUANAJUATO,DOLORES HIDALGO CUNA DE LA INDEPENDENCIA NACIONAL
GUANAJUATO,GUANAJUATO
GUANAJUATO,HUANIMARO
GUANAJUATO,IRAPUATO
GUANAJUATO,JARAL DEL PROGRESO
GUANAJUATO,JERECUARO
GUANAJUATO,LEON
GUANAJUATO,MOROLEON
GUANAJUATO,PENJAMO
GUANAJUATO,PURISIMA DEL RINCON
GUANAJUATO,ROMITA
GUANAJUATO,SALAMANCA
GUANAJUATO,SALVATIERRA
GUANAJUATO,SAN DIEGO DE LA UNION
GUANAJUATO,SAN FELIPE
GUANAJUATO,SAN FRANCISCO DEL RINCON
GUANAJUATO,SAN JOSE ITURBIDE
GUANAJUATO,SAN LUIS DE LA PAZ
GUANAJUATO,SANTA CATARINA
GUANAJUATO,SANTA CRUZ DE JUVENTINO ROSAS
GUANAJUATO,SILAO DE LA VICTORIA
GUANAJUATO,TARANDACUAO
GUANAJUATO,TARIMORO
GUANAJUATO,TIERRA BLANCA
GUANAJUATO,URIANGATO
GUANAJUATO,VALLE DE SANTIAGO
GUANAJUATO,VILLAGRAN
GUANAJUATO,YURIRIA
GUERRERO,ACAPULCO DE JUAREZ
GUERRERO,AHUACUOTZINGO
GUERRERO,AJUCHITLAN DEL PROGRESO
GUERRERO,ALCOZAUCA DE GUERRERO
GUERRERO,APAXTLA
GUERRERO,ARCELIA
GUERRERO,ATENANGO DEL RIO
GUERRERO,ATLAMAJALCINGO DEL MONTE
GUERRERO,ATLIXTAC
GUERRERO,ATOYAC DE ALVAREZ
GUERRERO,AYUTLA DE LOS LIBRES
GUERRERO,AZOYU
GUERRERO,BENITO JUAREZ
GUERRERO,BUENAVISTA DE CUELLAR
GUERRERO,COAHUAYUTLA DE JOSE MARIA IZAZAGA
GUERRERO,COCULA
GUERRERO,COPALA
GUERRERO,COPALILLO
GUERRERO,COPANATOYAC
GUERRERO,COYUCA DE BENITEZ
GUERRERO,COYUCA DE CATALAN
GUERRERO,CUAJINICUILAPA
GUERRERO,CUAUTEPEC
GUERRERO,CUTZAMALA DE PINZON
GUERRERO,CHILAPA DE ALVAREZ
GUERRERO,CHILPANCINGO DE LOS BRAVO
GUERRERO,FLORENCIO VILLARREAL
GUERRERO,GENERAL HELIODORO CASTILLO
GUERRERO,HUAMUXTITLAN
GUERRERO,HUITZUCO DE LOS FIGUEROA
GUERRERO,IGUALA DE LA INDEPENDENCIA
GUERRERO,IGUALAPA
GUERRERO,IXCATEOPAN DE CUAUHTEMOC
GUERRERO,ZIHUATANEJO DE AZUETA
GUERRERO,JUAN R. ESCUDERO
GUERRERO,LEONARDO BRAVO
GUERRERO,MALINALTEPEC
GUERRERO,MARTIR DE CUILAPAN
GUERRERO,MOCHITLAN
GUERRERO,OLINALA
GUERRERO,OMETEPEC
GUERRERO,PEDRO ASCENCIO ALQUISIRAS
GUERRERO,PETATLAN
GUERRERO,PILCAYA
GUERRERO,PUNGARABATO
GUERRERO,QUECHULTENANGO
GUERRERO,SAN LUIS ACATLAN
GUERRERO,SAN MARCOS
GUERRERO,SAN MIGUEL TOTOLAPAN
GUERRERO,TAXCO DE ALARCON
GUERRERO,TECOANAPA
GUERRERO,TECPAN DE GALEANA
GUERRERO,TELOLOAPAN
GUERRERO,TEPECOACUILCO DE TRUJANO
GUERRERO,TETIPAC
GUERRERO,TLACOACHISTLAHUACA
GUERRERO,TLACOAPA
GUERRERO,TLALCHAPA
GUERRERO,TLAPA DE COMONFORT
GUERRERO,TLAPEHUALA
GUERRERO,LA UNION DE ISIDORO MONTES DE OCA
GUERRERO,XALPATLAHUAC
GUERRERO,XOCHIHUEHUETLAN
GUERRERO,XOCHISTLAHUACA
GUERRERO,ZAPOTITLAN TABLAS
GUERRERO,ZIRANDARO
GUERRERO,ZITLALA
GUERRERO,EDUARDO NERI
GUERRERO,ACATEPEC
GUERRERO,MARQUELIA
GUERRERO,COCHOAPA EL GRANDE
GUERRERO,JOSE JOAQUIN DE HERRERA
GUERRERO,JUCHITAN
GUERRERO,ILIATENCO
HIDALGO,ACAXOCHITLAN
HIDALGO,ACTOPAN
HIDALGO,AGUA BLANCA DE ITURBIDE
HIDALGO,AJACUBA
HIDALGO,ALMOLOYA
HIDALGO,APAN
HIDALGO,EL ARENAL
HIDALGO,ATITALAQUIA
HIDALGO,ATLAPEXCO
HIDALGO,ATOTONILCO EL GRANDE
HIDALGO,ATOTONILCO DE TULA
HIDALGO,CALNALI
HIDALGO,CUAUTEPEC DE HINOJOSA
HIDALGO,CHAPANTONGO
HIDALGO,CHAPULHUACAN
HIDALGO,CHILCUAUTLA
HIDALGO,ELOXOCHITLAN
HIDALGO,EMILIANO ZAPATA
HIDALGO,EPAZOYUCAN
HIDALGO,FRANCISCO I. MADERO
HIDALGO,HUASCA DE OCAMPO
HIDALGO,HUAUTLA
HIDALGO,HUAZALINGO
HIDALGO,HUEHUETLA
HIDALGO,HUEJUTLA DE REYES
HIDALGO,HUICHAPAN
HIDALGO,IXMIQUILPAN
HIDALGO,JACALA DE LEDEZMA
HIDALGO,JALTOCAN
HIDALGO,JUAREZ HIDALGO
HIDALGO,LOLOTLA
HIDALGO,METEPEC
HIDALGO,METZTITLAN
HIDALGO,MINERAL DEL CHICO
HIDALGO,MINERAL DEL MONTE
HIDALGO,LA MISION
HIDALGO,MIXQUIAHUALA DE JUAREZ
HIDALGO,MOLANGO DE ESCAMILLA
HIDALGO,NOPALA DE VILLAGRAN
HIDALGO,SAN FELIPE ORIZATLAN
HIDALGO,PACULA
HIDALGO,PACHUCA DE SOTO
HIDALGO,PISAFLORES
HIDALGO,PROGRESO DE OBREGON
HIDALGO,MINERAL DE LA REFORMA
HIDALGO,SAN AGUSTIN TLAXIACA
HIDALGO,SAN BARTOLO TUTOTEPEC
HIDALGO,SAN SALVADOR
HIDALGO,SANTIAGO DE ANAYA
HIDALGO,SANTIAGO TULANTEPEC DE LUGO GUERRERO
HIDALGO,SINGUILUCAN
HIDALGO,TECOZAUTLA
HIDALGO,TENANGO DE DORIA
HIDALGO,TEPEAPULCO
HIDALGO,TEPEHUACAN DE GUERRERO
HIDALGO,TEPEJI DEL RIO DE OCAMPO
HIDALGO,TETEPANGO
HIDALGO,VILLA DE TEZONTEPEC
HIDALGO,TEZONTEPEC DE ALDAMA
HIDALGO,TIANGUISTENGO
HIDALGO,TIZAYUCA
HIDALGO,TLAHUELILPAN
HIDALGO,TLAHUILTEPA
HIDALGO,TLANCHINOL
HIDALGO,TLAXCOAPAN
HIDALGO,TOLCAYUCA
HIDALGO,TULA DE ALLENDE
HIDALGO,TULANCINGO DE BRAVO
HIDALGO,XOCHIATIPAN
HIDALGO,XOCHICOATLAN
HIDALGO,ZACUALTIPAN DE ANGELES
HIDALGO,ZAPOTLAN DE JUAREZ
HIDALGO,ZEMPOALA
HIDALGO,ZIMAPAN
JALISCO,ACATIC
JALISCO,ACATLAN DE JUAREZ
JALISCO,AHUALULCO DE MERCADO
JALISCO,AMECA
JALISCO,SAN JUANITO DE ESCOBEDO
JALISCO,EL ARENAL
JALISCO,ATEMAJAC DE BRIZUELA
JALISCO,ATOTONILCO EL ALTO
JALISCO,ATOYAC
JALISCO,AUTLAN DE NAVARRO
JALISCO,AYOTLAN
JALISCO,LA BARCA
JALISCO,CABO CORRIENTES
JALISCO,CASIMIRO CASTILLO
JALISCO,CIHUATLAN
JALISCO,ZAPOTLAN EL GRANDE
JALISCO,COCULA
JALISCO,COLOTLAN
JALISCO,CUAUTITLAN DE GARCIA BARRAGAN
JALISCO,CUAUTLA
JALISCO,CUQUIO
JALISCO,CHAPALA
JALISCO,CHIQUILISTLAN
JALISCO,DEGOLLADO
JALISCO,ENCARNACION DE DIAZ
JALISCO,EL GRULLO
JALISCO,GUADALAJARA
JALISCO,HOSTOTIPAQUILLO
JALISCO,IXTLAHUACAN DE LOS MEMBRILLOS
JALISCO,IXTLAHUACAN DEL RIO
JALISCO,JALOSTOTITLAN
JALISCO,JAMAY
JALISCO,JESUS MARIA
JALISCO,JOCOTEPEC
JALISCO,JUANACATLAN
JALISCO,LAGOS DE MORENO
JALISCO,EL LIMON
JALISCO,MAGDALENA
JALISCO,MAZAMITLA
JALISCO,OCOTLAN
JALISCO,OJUELOS DE JALISCO
JALISCO,PONCITLAN
JALISCO,PUERTO VALLARTA
JALISCO,VILLA PURIFICACION
JALISCO,EL SALTO
JALISCO,SAN DIEGO DE ALEJANDRIA
JALISCO,SAN JUAN DE LOS LAGOS
JALISCO,SAN JULIAN
JALISCO,SAN MARCOS
JALISCO,SAN MARTIN HIDALGO
JALISCO,GOMEZ FARIAS
JALISCO,SAYULA
JALISCO,TALA
JALISCO,TAMAZULA DE GORDIANO
JALISCO,TECOLOTLAN
JALISCO,TENAMAXTLAN
JALISCO,TEOCUITATLAN DE CORONA
JALISCO,TEPATITLAN DE MORELOS
JALISCO,TEQUILA
JALISCO,TEUCHITLAN
JALISCO,TIZAPAN EL ALTO
JALISCO,TLAJOMULCO DE ZUÑIGA
JALISCO,SAN PEDRO TLAQUEPAQUE
JALISCO,TOMATLAN
JALISCO,TONALA
JALISCO,TONAYA
JALISCO,TONILA
JALISCO,TUXCACUESCO
JALISCO,TUXCUECA
JALISCO,TUXPAN
JALISCO,UNION DE SAN ANTONIO
JALISCO,VALLE DE JUAREZ
JALISCO,SAN GABRIEL
JALISCO,VILLA CORONA
JALISCO,VILLA GUERRERO
JALISCO,ZACOALCO DE TORRES
JALISCO,ZAPOPAN
JALISCO,ZAPOTILTIC
JALISCO,ZAPOTITLAN DE VADILLO
JALISCO,ZAPOTLAN DEL REY
JALISCO,ZAPOTLANEJO
MEXICO,ACAMBAY DE RUIZ CASTAÑEDA
MEXICO,ACOLMAN
MEXICO,ACULCO
MEXICO,ALMOLOYA DE ALQUISIRAS
MEXICO,ALMOLOYA DE JUAREZ
MEXICO,ALMOLOYA DEL RIO
MEXICO,AMANALCO
MEXICO,AMATEPEC
MEXICO,AMECAMECA
MEXICO,APAXCO
MEXICO,ATENCO
MEXICO,ATIZAPAN
MEXICO,ATIZAPAN DE ZARAGOZA
MEXICO,ATLACOMULCO
MEXICO,ATLAUTLA
MEXICO,AXAPUSCO
MEXICO,AYAPANGO
MEXICO,CALIMAYA
MEXICO,CAPULHUAC
MEXICO,COATEPEC HARINAS
MEXICO,COCOTITLAN
MEXICO,COYOTEPEC
MEXICO,CUAUTITLAN
MEXICO,CHALCO
MEXICO,CHAPA DE MOTA
MEXICO,CHAPULTEPEC
MEXICO,CHIAUTLA
MEXICO,CHICOLOAPAN
MEXICO,CHICONCUAC
MEXICO,CHIMALHUACAN
MEXICO,DONATO GUERRA
MEXICO,ECATEPEC DE MORELOS
MEXICO,ECATZINGO
MEXICO,HUEHUETOCA
MEXICO,HUEYPOXTLA
MEXICO,HUIXQUILUCAN
MEXICO,ISIDRO FABELA
MEXICO,IXTAPALUCA
MEXICO,IXTAPAN DE LA SAL
MEXICO,IXTAPAN DEL ORO
MEXICO,IXTLAHUACA
MEXICO,XALATLACO
MEXICO,JALTENCO
MEXICO,JILOTEPEC
MEXICO,JILOTZINGO
MEXICO,JIQUIPILCO
MEXICO,JOCOTITLAN
MEXICO,JOQUICINGO
MEXICO,JUCHITEPEC
MEXICO,LERMA
MEXICO,MALINALCO
MEXICO,MELCHOR OCAMPO
MEXICO,METEPEC
MEXICO,MEXICALTZINGO
MEXICO,MORELOS
MEXICO,NAUCALPAN DE JUAREZ
MEXICO,NEZAHUALCOYOTL
MEXICO,NEXTLALPAN
MEXICO,NICOLAS ROMERO
MEXICO,NOPALTEPEC
MEXICO,OCOYOACAC
MEXICO,OCUILAN
MEXICO,EL ORO
MEXICO,OTUMBA
MEXICO,OTZOLOAPAN
MEXICO,OTZOLOTEPEC
MEXICO,OZUMBA
MEXICO,PAPALOTLA
MEXICO,LA PAZ
MEXICO,RAYON
MEXICO,SAN ANTONIO LA ISLA
MEXICO,SAN FELIPE DEL PROGRESO
MEXICO,SAN MARTIN DE LAS PIRAMIDES
MEXICO,SAN MATEO ATENCO
MEXICO,SOYANIQUILPAN DE JUAREZ
MEXICO,SULTEPEC
MEXICO,TECAMAC
MEXICO,TEJUPILCO
MEXICO,TEMAMATLA
MEXICO,TEMASCALAPA
MEXICO,TEMASCALCINGO
MEXICO,TEMASCALTEPEC
MEXICO,TEMOAYA
MEXICO,TENANCINGO
MEXICO,TENANGO DEL AIRE
MEXICO,TENANGO DEL VALLE
MEXICO,TEOLOYUCAN
MEXICO,TEOTIHUACAN
MEXICO,TEPETLAOXTOC
MEXICO,TEPETLIXPA
MEXICO,TEPOTZOTLAN
MEXICO,TEQUIXQUIAC
MEXICO,TEXCALTITLAN
MEXICO,TEXCALYACAC
MEXICO,TEXCOCO
MEXICO,TEZOYUCA
MEXICO,TIANGUISTENCO
MEXICO,TIMILPAN
MEXICO,TLALMANALCO
MEXICO,TLALNEPANTLA DE BAZ
MEXICO,TLATLAYA
MEXICO,TOLUCA
MEXICO,TULTEPEC
MEXICO,TULTITLAN
MEXICO,VALLE DE BRAVO
MEXICO,VILLA DE ALLENDE
MEXICO,VILLA DEL CARBON
MEXICO,VILLA GUERRERO
MEXICO,VILLA VICTORIA
MEXICO,XONACATLAN
MEXICO,ZACUALPAN
MEXICO,ZINACANTEPEC
MEXICO,ZUMPAHUACAN
MEXICO,ZUMPANGO
MEXICO,CUAUTITLAN IZCALLI
MEXICO,VALLE DE CHALCO SOLIDARIDAD
MEXICO,LUVIANOS
MEXICO,SAN JOSE DEL RINCON
MEXICO,TONANITLA
MICHOACAN DE OCAMPO,ACUITZIO
MICHOACAN DE OCAMPO,ALVARO OBREGON
MICHOACAN DE OCAMPO,ANGAMACUTIRO
MICHOACAN DE OCAMPO,ANGANGUEO
MICHOACAN DE OCAMPO,APATZINGAN
MICHOACAN DE OCAMPO,AQUILA
MICHOACAN DE OCAMPO,ARIO
MICHOACAN DE OCAMPO,ARTEAGA
MICHOACAN DE OCAMPO,BRISEÑAS
MICHOACAN DE OCAMPO,BUENAVISTA
MICHOACAN DE OCAMPO,CARACUARO
MICHOACAN DE OCAMPO,COALCOMAN DE VAZQUEZ PALLARES
MICHOACAN DE OCAMPO,COENEO
MICHOACAN DE OCAMPO,COPANDARO
MICHOACAN DE OCAMPO,COTIJA
MICHOACAN DE OCAMPO,CUITZEO
MICHOACAN DE OCAMPO,CHARAPAN
MICHOACAN DE OCAMPO,CHAVINDA
MICHOACAN DE OCAMPO,CHERAN
MICHOACAN DE OCAMPO,CHILCHOTA
MICHOACAN DE OCAMPO,CHUCANDIRO
MICHOACAN DE OCAMPO,CHURINTZIO
MICHOACAN DE OCAMPO,CHURUMUCO
MICHOACAN DE OCAMPO,ERONGARICUARO
MICHOACAN DE OCAMPO,GABRIEL ZAMORA
MICHOACAN DE OCAMPO,HIDALGO
MICHOACAN DE OCAMPO,LA HUACANA
MICHOACAN DE OCAMPO,HUANDACAREO
MICHOACAN DE OCAMPO,HUANIQUEO
MICHOACAN DE OCAMPO,HUETAMO
MICHOACAN DE OCAMPO,HUIRAMBA
MICHOACAN DE OCAMPO,INDAPARAPEO
MICHOACAN DE OCAMPO,IRIMBO
MICHOACAN DE OCAMPO,IXTLAN
MICHOACAN DE OCAMPO,JACONA
MICHOACAN DE OCAMPO,JIMENEZ
MICHOACAN DE OCAMPO,JIQUILPAN
MICHOACAN DE OCAMPO,JUAREZ
MICHOACAN DE OCAMPO,JUNGAPEO
MICHOACAN DE OCAMPO,LAGUNILLAS
MICHOACAN DE OCAMPO,MADERO
MICHOACAN DE OCAMPO,MARAVATIO
MICHOACAN DE OCAMPO,MARCOS CASTELLANOS
MICHOACAN DE OCAMPO,LAZARO CARDENAS
MICHOACAN DE OCAMPO,MORELIA
MICHOACAN DE OCAMPO,MUGICA
MICHOACAN DE OCAMPO,NAHUATZEN
MICHOACAN DE OCAMPO,NUEVO PARANGARICUTIRO
MICHOACAN DE OCAMPO,NUEVO URECHO
MICHOACAN DE OCAMPO,NUMARAN
MICHOACAN DE OCAMPO,OCAMPO
MICHOACAN DE OCAMPO,PAJACUARAN
MICHOACAN DE OCAMPO,PARACUARO
MICHOACAN DE OCAMPO,PARACHO
MICHOACAN DE OCAMPO,PATZCUARO
MICHOACAN DE OCAMPO,PENJAMILLO
MICHOACAN DE OCAMPO,PERIBAN
MICHOACAN DE OCAMPO,LA PIEDAD
MICHOACAN DE OCAMPO,PUREPERO
MICHOACAN DE OCAMPO,PURUANDIRO
MICHOACAN DE OCAMPO,QUERENDARO
MICHOACAN DE OCAMPO,QUIROGA
MICHOACAN DE OCAMPO,COJUMATLAN DE REGULES
MICHOACAN DE OCAMPO,LOS REYES
MICHOACAN DE OCAMPO,SAHUAYO
MICHOACAN DE OCAMPO,SAN LUCAS
MICHOACAN DE OCAMPO,SANTA ANA MAYA
MICHOACAN DE OCAMPO,SALVADOR ESCALANTE
MICHOACAN DE OCAMPO,SENGUIO
MICHOACAN DE OCAMPO,SUSUPUATO
MICHOACAN DE OCAMPO,TACAMBARO
MICHOACAN DE OCAMPO,TANCITARO
MICHOACAN DE OCAMPO,TANGAMANDAPIO
MICHOACAN DE OCAMPO,TANGANCICUARO
MICHOACAN DE OCAMPO,TANHUATO
MICHOACAN DE OCAMPO,TARETAN
MICHOACAN DE OCAMPO,TARIMBARO
MICHOACAN DE OCAMPO,TEPALCATEPEC
MICHOACAN DE OCAMPO,TINGAMBATO
MICHOACAN DE OCAMPO,TINGÑINDIN
MICHOACAN DE OCAMPO,TLALPUJAHUA
MICHOACAN DE OCAMPO,TOCUMBO
MICHOACAN DE OCAMPO,TURICATO
MICHOACAN DE OCAMPO,TUXPAN
MICHOACAN DE OCAMPO,TUZANTLA
MICHOACAN DE OCAMPO,TZINTZUNTZAN
MICHOACAN DE OCAMPO,URUAPAN
MICHOACAN DE OCAMPO,VENUSTIANO CARRANZA
MICHOACAN DE OCAMPO,VILLAMAR
MICHOACAN DE OCAMPO,VISTA HERMOSA
MICHOACAN DE OCAMPO,YURECUARO
MICHOACAN DE OCAMPO,ZACAPU
MICHOACAN DE OCAMPO,ZAMORA
MICHOACAN DE OCAMPO,ZINAPARO
MICHOACAN DE OCAMPO,ZINAPECUARO
MICHOACAN DE OCAMPO,ZIRACUARETIRO
MICHOACAN DE OCAMPO,ZITACUARO
MICHOACAN DE OCAMPO,JOSE SIXTO VERDUZCO
MORELOS,AMACUZAC
MORELOS,ATLATLAHUCAN
MORELOS,AXOCHIAPAN
MORELOS,AYALA
MORELOS,COATLAN DEL RIO
MORELOS,CUAUTLA
MORELOS,CUERNAVACA
MORELOS,EMILIANO ZAPATA
MORELOS,HUITZILAC
MORELOS,JANTETELCO
MORELOS,JIUTEPEC
MORELOS,JOJUTLA
MORELOS,JONACATEPEC DE LEANDRO VALLE
MORELOS,MAZATEPEC
MORELOS,MIACATLAN
MORELOS,OCUITUCO
MORELOS,PUENTE DE IXTLA
MORELOS,TEMIXCO
MORELOS,TEPALCINGO
MORELOS,TEPOZTLAN
MORELOS,TETECALA
MORELOS,TETELA DEL VOLCAN
MORELOS,TLALNEPANTLA
MORELOS,TLALTIZAPAN DE ZAPATA
MORELOS,TLAQUILTENANGO
MORELOS,TLAYACAPAN
MORELOS,TOTOLAPAN
MORELOS,XOCHITEPEC
MORELOS,YAUTEPEC
MORELOS,YECAPIXTLA
MORELOS,ZACATEPEC
MORELOS,ZACUALPAN DE AMILPAS
MORELOS,TEMOAC
NAYARIT,ACAPONETA
NAYARIT,AHUACATLAN
NAYARIT,AMATLAN DE CAÑAS
NAYARIT,COMPOSTELA
NAYARIT,IXTLAN DEL RIO
NAYARIT,JALA
NAYARIT,XALISCO
NAYARIT,DEL NAYAR
NAYARIT,ROSAMORADA
NAYARIT,RUIZ
NAYARIT,SAN BLAS
NAYARIT,SANTA MARIA DEL ORO
NAYARIT,SANTIAGO IXCUINTLA
NAYARIT,TECUALA
NAYARIT,TEPIC
NAYARIT,TUXPAN
NAYARIT,BAHIA DE BANDERAS
NUEVO LEON,ALLENDE
NUEVO LEON,ANAHUAC
NUEVO LEON,APODACA
NUEVO LEON,ARAMBERRI
NUEVO LEON,BUSTAMANTE
NUEVO LEON,CADEREYTA JIMENEZ
NUEVO LEON,EL CARMEN
NUEVO LEON,CERRALVO
NUEVO LEON,CIENEGA DE FLORES
NUEVO LEON,CHINA
NUEVO LEON,DOCTOR ARROYO
NUEVO LEON,GALEANA
NUEVO LEON,GARCIA
NUEVO LEON,SAN PEDRO GARZA GARCIA
NUEVO LEON,GENERAL BRAVO
NUEVO LEON,GENERAL ESCOBEDO
NUEVO LEON,GENERAL TERAN
NUEVO LEON,GENERAL ZARAGOZA
NUEVO LEON,GUADALUPE
NUEVO LEON,HIGUERAS
NUEVO LEON,HUALAHUISES
NUEVO LEON,JUAREZ
NUEVO LEON,LINARES
NUEVO LEON,MIER Y NORIEGA
NUEVO LEON,MINA
NUEVO LEON,MONTEMORELOS
NUEVO LEON,MONTERREY
NUEVO LEON,PESQUERIA
NUEVO LEON,SABINAS HIDALGO
NUEVO LEON,SALINAS VICTORIA
NUEVO LEON,SAN NICOLAS DE LOS GARZA
NUEVO LEON,HIDALGO
NUEVO LEON,SANTA CATARINA
NUEVO LEON,SANTIAGO
NUEVO LEON,VILLALDAMA
OAXACA,ABEJONES
OAXACA,ACATLAN DE PEREZ FIGUEROA
OAXACA,ASUNCION IXTALTEPEC
OAXACA,ASUNCION NOCHIXTLAN
OAXACA,AYOTZINTEPEC
OAXACA,CANDELARIA LOXICHA
OAXACA,CIENEGA DE ZIMATLAN
OAXACA,CIUDAD IXTEPEC
OAXACA,COICOYAN DE LAS FLORES
OAXACA,LA COMPAÑIA
OAXACA,CONSTANCIA DEL ROSARIO
OAXACA,COSOLAPA
OAXACA,CUILAPAM DE GUERRERO
OAXACA,CUYAMECALCO VILLA DE ZARAGOZA
OAXACA,CHAHUITES
OAXACA,CHALCATONGO DE HIDALGO
OAXACA,CHIQUIHUITLAN DE BENITO JUAREZ
OAXACA,HEROICA CIUDAD DE EJUTLA DE CRESPO
OAXACA,EL ESPINAL
OAXACA,HEROICA CIUDAD DE HUAJUAPAN DE LEON
OAXACA,HUAUTLA DE JIMENEZ
OAXACA,HEROICA CIUDAD DE JUCHITAN DE ZARAGOZA
OAXACA,LOMA BONITA
OAXACA,MAGDALENA APASCO
OAXACA,MAGDALENA JALTEPEC
OAXACA,MAGDALENA TEQUISISTLAN
OAXACA,MAGDALENA TLACOTEPEC
OAXACA,MATIAS ROMERO AVENDAÑO
OAXACA,MAZATLAN VILLA DE FLORES
OAXACA,MIAHUATLAN DE PORFIRIO DIAZ
OAXACA,MONJAS
OAXACA,NAZARENO ETLA
OAXACA,NEJAPA DE MADERO
OAXACA,SANTIAGO NILTEPEC
OAXACA,OAXACA DE JUAREZ
OAXACA,OCOTLAN DE MORELOS
OAXACA,PINOTEPA DE DON LUIS
OAXACA,PLUMA HIDALGO
OAXACA,SAN JOSE DEL PROGRESO
OAXACA,PUTLA VILLA DE GUERRERO
OAXACA,REFORMA DE PINEDA
OAXACA,REYES ETLA
OAXACA,SALINA CRUZ
OAXACA,SAN AGUSTIN CHAYUCO
OAXACA,SAN AGUSTIN DE LAS JUNTAS
OAXACA,SAN AGUSTIN ETLA
OAXACA,SAN AGUSTIN LOXICHA
OAXACA,SAN AGUSTIN YATARENI
OAXACA,SAN ANDRES DINICUITI
OAXACA,SAN ANDRES HUAXPALTEPEC
OAXACA,SAN ANDRES HUAYAPAM
OAXACA,SAN ANDRES PAXTLAN
OAXACA,SAN ANDRES SINAXTLA
OAXACA,SAN ANDRES ZAUTLA
OAXACA,SAN ANTONINO CASTILLO VELASCO
OAXACA,SAN ANTONIO DE LA CAL
OAXACA,SAN ANTONIO TEPETLAPA
OAXACA,SAN BALTAZAR CHICHICAPAM
OAXACA,SAN BARTOLO COYOTEPEC
OAXACA,SAN BLAS ATEMPA
OAXACA,SAN CARLOS YAUTEPEC
OAXACA,SAN CRISTOBAL AMATLAN
OAXACA,SAN DIONISIO DEL MAR
OAXACA,SAN DIONISIO OCOTLAN
OAXACA,SAN FELIPE TEJALAPAM
OAXACA,SAN FRANCISCO DEL MAR
OAXACA,SAN FRANCISCO HUEHUETLAN
OAXACA,SAN FRANCISCO IXHUATAN
OAXACA,SAN FRANCISCO LACHIGOLO
OAXACA,SAN FRANCISCO TELIXTLAHUACA
OAXACA,SAN GABRIEL MIXTEPEC
OAXACA,SAN ILDEFONSO AMATLAN
OAXACA,SAN JACINTO AMILPAS
OAXACA,SAN JERONIMO TAVICHE
OAXACA,SAN JERONIMO TECOATL
OAXACA,SAN JOSE AYUQUILA
OAXACA,SAN JOSE CHILTEPEC
OAXACA,SAN JOSE DEL PEÑASCO
OAXACA,SAN JUAN BAUTISTA COIXTLAHUACA
OAXACA,SAN JUAN BAUTISTA CUICATLAN
OAXACA,SAN JUAN BAUTISTA GUELACHE
OAXACA,SAN JUAN BAUTISTA JAYACATLAN
OAXACA,SAN JUAN BAUTISTA SUCHITEPEC
OAXACA,SAN JUAN BAUTISTA TUXTEPEC
OAXACA,SAN JUAN CACAHUATEPEC
OAXACA,SAN JUAN COLORADO
OAXACA,SAN JUAN COTZOCON
OAXACA,SAN JUAN CHILATECA
OAXACA,SAN JUAN DEL ESTADO
OAXACA,SAN JUAN GUICHICOVI
OAXACA,SAN JUAN LACHAO
OAXACA,SAN JUAN LAJARCIA
OAXACA,SAN JUAN LALANA
OAXACA,SAN JUAN DE LOS CUES
OAXACA,SAN JUAN MAZATLAN
OAXACA,SAN JUAN ÑUMI
OAXACA,SAN JUAN QUIOTEPEC
OAXACA,SAN JUAN YUCUITA
OAXACA,SAN LORENZO
OAXACA,SAN LORENZO CACAOTEPEC
OAXACA,SAN LUCAS OJITLAN
OAXACA,SAN LUCAS QUIAVINI
OAXACA,SAN LUCAS ZOQUIAPAM
OAXACA,SAN LUIS AMATLAN
OAXACA,SAN MARCOS ARTEAGA
OAXACA,SAN MARTIN PERAS
OAXACA,SAN MARTIN TILCAJETE
OAXACA,SAN MARTIN TOXPALAN
OAXACA,SAN MATEO DEL MAR
OAXACA,SAN MATEO PEÑASCO
OAXACA,SAN MATEO RIO HONDO
OAXACA,SAN MIGUEL CHIMALAPA
OAXACA,SAN MIGUEL DEL PUERTO
OAXACA,SAN MIGUEL EJUTLA
OAXACA,SAN MIGUEL PANIXTLAHUACA
OAXACA,VILLA SOLA DE VEGA
OAXACA,SAN MIGUEL SOYALTEPEC
OAXACA,SAN MIGUEL SUCHIXTEPEC
OAXACA,SAN MIGUEL TILQUIAPAM
OAXACA,SAN MIGUEL TLACAMAMA
OAXACA,SAN PABLO ETLA
OAXACA,SAN PABLO HUITZO
OAXACA,SAN PABLO HUIXTEPEC
OAXACA,SAN PABLO VILLA DE MITLA
OAXACA,SAN PEDRO AMUZGOS
OAXACA,SAN PEDRO APOSTOL
OAXACA,SAN PEDRO ATOYAC
OAXACA,SAN PEDRO EL ALTO
OAXACA,SAN PEDRO HUAMELULA
OAXACA,SAN PEDRO HUILOTEPEC
OAXACA,SAN PEDRO IXCATLAN
OAXACA,SAN PEDRO IXTLAHUACA
OAXACA,SAN PEDRO JICAYAN
OAXACA,SAN PEDRO MARTIR
OAXACA,SAN PEDRO MIXTEPEC
OAXACA,SAN PEDRO POCHUTLA
OAXACA,SAN PEDRO TAPANATEPEC
OAXACA,VILLA DE TUTUTEPEC
OAXACA,VILLA DE ETLA
OAXACA,SAN PEDRO Y SAN PABLO TEPOSCOLULA
OAXACA,SAN PEDRO Y SAN PABLO TEQUIXTEPEC
OAXACA,SAN SEBASTIAN ABASOLO
OAXACA,SAN SEBASTIAN IXCAPA
OAXACA,SAN SEBASTIAN RIO HONDO
OAXACA,SAN SEBASTIAN TECOMAXTLAHUACA
OAXACA,SAN SEBASTIAN TUTLA
OAXACA,SANTA ANA TAVELA
OAXACA,SANTA ANA ZEGACHE
OAXACA,SANTA CATARINA CUIXTLA
OAXACA,SANTA CATARINA JUQUILA
OAXACA,SANTA CATARINA LOXICHA
OAXACA,SANTA CATARINA MECHOACAN
OAXACA,SANTA CATARINA MINAS
OAXACA,SANTA CATARINA TICUA
OAXACA,SANTA CRUZ AMILPAS
OAXACA,SANTA CRUZ ITUNDUJIA
OAXACA,SANTA CRUZ TACACHE DE MINA
OAXACA,SANTA CRUZ XITLA
OAXACA,SANTA CRUZ XOXOCOTLAN
OAXACA,SANTA GERTRUDIS
OAXACA,SANTA LUCIA DEL CAMINO
OAXACA,SANTA LUCIA MIAHUATLAN
OAXACA,SANTA LUCIA OCOTLAN
OAXACA,HEROICA CIUDAD DE TLAXIACO
OAXACA,AYOQUEZCO DE ALDAMA
OAXACA,SANTA MARIA ATZOMPA
OAXACA,SANTA MARIA COLOTEPEC
OAXACA,SANTA MARIA COYOTEPEC
OAXACA,SANTA MARIA CHILCHOTLA
OAXACA,SANTA MARIA DEL TULE
OAXACA,SANTA MARIA HUATULCO
OAXACA,SANTA MARIA HUAZOLOTITLAN
OAXACA,SANTA MARIA IPALAPA
OAXACA,SANTA MARIA JACATEPEC
OAXACA,SANTA MARIA JALAPA DEL MARQUES
OAXACA,SANTA MARIA MIXTEQUILLA
OAXACA,SANTA MARIA PETAPA
OAXACA,SANTA MARIA SOLA
OAXACA,SANTA MARIA TECOMAVACA
OAXACA,SANTA MARIA TLALIXTAC
OAXACA,SANTA MARIA TONAMECA
OAXACA,SANTA MARIA XADANI
OAXACA,SANTA MARIA ZACATEPEC
OAXACA,SANTIAGO AMOLTEPEC
OAXACA,SANTIAGO APOSTOL
OAXACA,SANTIAGO ASTATA
OAXACA,SANTIAGO AYUQUILILLA
OAXACA,SANTIAGO CHAZUMBA
OAXACA,SANTIAGO IXTAYUTLA
OAXACA,SANTIAGO JAMILTEPEC
OAXACA,SANTIAGO JOCOTEPEC
OAXACA,SANTIAGO JUXTLAHUACA
OAXACA,SANTIAGO LAOLLAGA
OAXACA,SANTIAGO MATATLAN
OAXACA,SANTIAGO MILTEPEC
OAXACA,SANTIAGO NACALTEPEC
OAXACA,SANTIAGO PINOTEPA NACIONAL
OAXACA,SANTIAGO SUCHILQUITONGO
OAXACA,SANTIAGO TAPEXTLA
OAXACA,VILLA TEJUPAM DE LA UNION
OAXACA,SANTIAGO TEPETLAPA
OAXACA,SANTIAGO TETEPEC
OAXACA,SANTIAGO TILANTONGO
OAXACA,SANTIAGO YAITEPEC
OAXACA,SANTIAGO YAVEO
OAXACA,SANTIAGO YOLOMECATL
OAXACA,SANTO DOMINGO INGENIO
OAXACA,SANTO DOMINGO ARMENTA
OAXACA,SANTO DOMINGO CHIHUITAN
OAXACA,SANTO DOMINGO DE MORELOS
OAXACA,SANTO DOMINGO PETAPA
OAXACA,SANTO DOMINGO TEHUANTEPEC
OAXACA,SANTO DOMINGO TOMALTEPEC
OAXACA,SANTO DOMINGO TONALA
OAXACA,SANTO DOMINGO ZANATEPEC
OAXACA,SANTOS REYES NOPALA
OAXACA,SANTOS REYES PAPALO
OAXACA,SANTO TOMAS JALIEZA
OAXACA,SANTO TOMAS MAZALTEPEC
OAXACA,SANTO TOMAS TAMAZULAPAN
OAXACA,SOLEDAD ETLA
OAXACA,VILLA DE TAMAZULAPAM DEL PROGRESO
OAXACA,TANICHE
OAXACA,TEOCOCUILCO DE MARCOS PEREZ
OAXACA,TEOTITLAN DE FLORES MAGON
OAXACA,TEOTITLAN DEL VALLE
OAXACA,HEROICA VILLA TEZOATLAN DE SEGURA Y LUNA, CUNA DE LA INDEPENDENCIA DE OAXACA
OAXACA,SAN JERONIMO TLACOCHAHUAYA
OAXACA,TLACOLULA DE MATAMOROS
OAXACA,TLALIXTAC DE CABRERA
OAXACA,UNION HIDALGO
OAXACA,VALERIO TRUJANO
OAXACA,SAN JUAN BAUTISTA VALLE NACIONAL
OAXACA,VILLA DIAZ ORDAZ
OAXACA,YAXE
OAXACA,VILLA DE ZAACHILA
OAXACA,ZIMATLAN DE ALVAREZ
PUEBLA,ACAJETE
PUEBLA,ACATENO
PUEBLA,ACATLAN
PUEBLA,ACATZINGO
PUEBLA,ACTEOPAN
PUEBLA,AHUACATLAN
PUEBLA,AHUATLAN
PUEBLA,AHUAZOTEPEC
PUEBLA,AJALPAN
PUEBLA,ALJOJUCA
PUEBLA,ALTEPEXI
PUEBLA,AMIXTLAN
PUEBLA,AMOZOC
PUEBLA,AQUIXTLA
PUEBLA,ATEMPAN
PUEBLA,ATLIXCO
PUEBLA,ATOYATEMPAN
PUEBLA,ATZALA
PUEBLA,ATZITZIHUACAN
PUEBLA,ATZITZINTLA
PUEBLA,AXUTLA
PUEBLA,AYOTOXCO DE GUERRERO
PUEBLA,CALPAN
PUEBLA,CALTEPEC
PUEBLA,CAMOCUAUTLA
PUEBLA,CAXHUACAN
PUEBLA,COATEPEC
PUEBLA,COATZINGO
PUEBLA,COHUECAN
PUEBLA,CORONANGO
PUEBLA,COXCATLAN
PUEBLA,COYOMEAPAN
PUEBLA,CUAPIAXTLA DE MADERO
PUEBLA,CUAUTEMPAN
PUEBLA,CUAUTINCHAN
PUEBLA,CUAUTLANCINGO
PUEBLA,CUAYUCA DE ANDRADE
PUEBLA,CUETZALAN DEL PROGRESO
PUEBLA,CUYOACO
PUEBLA,CHALCHICOMULA DE SESMA
PUEBLA,CHAPULCO
PUEBLA,CHIAUTLA
PUEBLA,CHIAUTZINGO
PUEBLA,CHICONCUAUTLA
PUEBLA,CHICHIQUILA
PUEBLA,CHIETLA
PUEBLA,CHIGMECATITLAN
PUEBLA,CHIGNAHUAPAN
PUEBLA,CHIGNAUTLA
PUEBLA,CHILA
PUEBLA,HONEY
PUEBLA,CHILCHOTLA
PUEBLA,CHINANTLA
PUEBLA,DOMINGO ARENAS
PUEBLA,ELOXOCHITLAN
PUEBLA,EPATLAN
PUEBLA,ESPERANZA
PUEBLA,FRANCISCO Z. MENA
PUEBLA,GENERAL FELIPE ANGELES
PUEBLA,GUADALUPE
PUEBLA,GUADALUPE VICTORIA
PUEBLA,HUAQUECHULA
PUEBLA,HUATLATLAUCA
PUEBLA,HUAUCHINANGO
PUEBLA,HUEHUETLAN EL CHICO
PUEBLA,HUEJOTZINGO
PUEBLA,HUEYAPAN
PUEBLA,HUEYTAMALCO
PUEBLA,HUITZILAN DE SERDAN
PUEBLA,HUITZILTEPEC
PUEBLA,IXCAQUIXTLA
PUEBLA,IXTACAMAXTITLAN
PUEBLA,IZUCAR DE MATAMOROS
PUEBLA,JALPAN
PUEBLA,JOLALPAN
PUEBLA,JONOTLA
PUEBLA,JOPALA
PUEBLA,JUAN C. BONILLA
PUEBLA,JUAN GALINDO
PUEBLA,LAFRAGUA
PUEBLA,LIBRES
PUEBLA,LA MAGDALENA TLATLAUQUITEPEC
PUEBLA,MAZAPILTEPEC DE JUAREZ
PUEBLA,MIXTLA
PUEBLA,MOLCAXAC
PUEBLA,CAÑADA MORELOS
PUEBLA,NAUPAN
PUEBLA,NAUZONTLA
PUEBLA,NEALTICAN
PUEBLA,NICOLAS BRAVO
PUEBLA,NOPALUCAN
PUEBLA,OCOTEPEC
PUEBLA,OCOYUCAN
PUEBLA,ORIENTAL
PUEBLA,PAHUATLAN
PUEBLA,PALMAR DE BRAVO
PUEBLA,PANTEPEC
PUEBLA,PETLALCINGO
PUEBLA,PIAXTLA
PUEBLA,PUEBLA
PUEBLA,QUECHOLAC
PUEBLA,QUIMIXTLAN
PUEBLA,RAFAEL LARA GRAJALES
PUEBLA,LOS REYES DE JUAREZ
PUEBLA,SAN ANDRES CHOLULA
PUEBLA,SAN ANTONIO CAÑADA
PUEBLA,SAN FELIPE TEOTLALCINGO
PUEBLA,SAN FELIPE TEPATLAN
PUEBLA,SAN GABRIEL CHILAC
PUEBLA,SAN GREGORIO ATZOMPA
PUEBLA,SAN JERONIMO TECUANIPAN
PUEBLA,SAN JERONIMO XAYACATLAN
PUEBLA,SAN JOSE CHIAPA
PUEBLA,SAN JOSE MIAHUATLAN
PUEBLA,SAN JUAN ATENCO
PUEBLA,SAN MARTIN TEXMELUCAN
PUEBLA,SAN MARTIN TOTOLTEPEC
PUEBLA,SAN MATIAS TLALANCALECA
PUEBLA,SAN MIGUEL XOXTLA
PUEBLA,SAN NICOLAS BUENOS AIRES
PUEBLA,SAN NICOLAS DE LOS RANCHOS
PUEBLA,SAN PABLO ANICANO
PUEBLA,SAN PEDRO CHOLULA
PUEBLA,SAN PEDRO YELOIXTLAHUACA
PUEBLA,SAN SALVADOR EL SECO
PUEBLA,SAN SALVADOR EL VERDE
PUEBLA,SAN SALVADOR HUIXCOLOTLA
PUEBLA,SAN SEBASTIAN TLACOTEPEC
PUEBLA,SANTA CATARINA TLALTEMPAN
PUEBLA,SANTA INES AHUATEMPAN
PUEBLA,SANTA ISABEL CHOLULA
PUEBLA,SANTIAGO MIAHUATLAN
PUEBLA,HUEHUETLAN EL GRANDE
PUEBLA,SANTO TOMAS HUEYOTLIPAN
PUEBLA,SOLTEPEC
PUEBLA,TECALI DE HERRERA
PUEBLA,TECAMACHALCO
PUEBLA,TECOMATLAN
PUEBLA,TEHUACAN
PUEBLA,TEHUITZINGO
PUEBLA,TENAMPULCO
PUEBLA,TEOPANTLAN
PUEBLA,TEOTLALCO
PUEBLA,TEPANCO DE LOPEZ
PUEBLA,TEPANGO DE RODRIGUEZ
PUEBLA,TEPATLAXCO DE HIDALGO
PUEBLA,TEPEACA
PUEBLA,TEPEOJUMA
PUEBLA,TEPETZINTLA
PUEBLA,TEPEXCO
PUEBLA,TEPEXI DE RODRIGUEZ
PUEBLA,TEPEYAHUALCO
PUEBLA,TEPEYAHUALCO DE CUAUHTEMOC
PUEBLA,TETELA DE OCAMPO
PUEBLA,TETELES DE AVILA CASTILLO
PUEBLA,TEZIUTLAN
PUEBLA,TIANGUISMANALCO
PUEBLA,TILAPA
PUEBLA,TLACOTEPEC DE BENITO JUAREZ
PUEBLA,TLACHICHUCA
PUEBLA,TLAHUAPAN
PUEBLA,TLALTENANGO
PUEBLA,TLANEPANTLA
PUEBLA,TLAOLA
PUEBLA,TLAPACOYA
PUEBLA,TLAPANALA
PUEBLA,TLATLAUQUITEPEC
PUEBLA,TLAXCO
PUEBLA,TOCHIMILCO
PUEBLA,TOCHTEPEC
PUEBLA,TULCINGO
PUEBLA,TUZAMAPAN DE GALEANA
PUEBLA,TZICATLACOYAN
PUEBLA,VENUSTIANO CARRANZA
PUEBLA,VICENTE GUERRERO
PUEBLA,XAYACATLAN DE BRAVO
PUEBLA,XICOTEPEC
PUEBLA,XIUTETELCO
PUEBLA,XOCHIAPULCO
PUEBLA,XOCHILTEPEC
PUEBLA,XOCHITLAN DE VICENTE SUAREZ
PUEBLA,XOCHITLAN TODOS SANTOS
PUEBLA,YAONAHUAC
PUEBLA,YEHUALTEPEC
PUEBLA,ZACAPALA
PUEBLA,ZACAPOAXTLA
PUEBLA,ZACATLAN
PUEBLA,ZAPOTITLAN
PUEBLA,ZAPOTITLAN DE MENDEZ
PUEBLA,ZARAGOZA
PUEBLA,ZAUTLA
PUEBLA,ZIHUATEUTLA
PUEBLA,ZINACATEPEC
PUEBLA,ZOQUIAPAN
PUEBLA,ZOQUITLAN
QUERETARO,AMEALCO DE BONFIL
QUERETARO,PINAL DE AMOLES
QUERETARO,ARROYO SECO
QUERETARO,CADEREYTA DE MONTES
QUERETARO,COLON
QUERETARO,CORREGIDORA
QUERETARO,EZEQUIEL MONTES
QUERETARO,HUIMILPAN
QUERETARO,LANDA DE MATAMOROS
QUERETARO,EL MARQUES
QUERETARO,PEDRO ESCOBEDO
QUERETARO,QUERETARO
QUERETARO,SAN JUAN DEL RIO
QUERETARO,TEQUISQUIAPAN
QUERETARO,TOLIMAN
QUINTANA ROO,COZUMEL
QUINTANA ROO,FELIPE CARRILLO PUERTO
QUINTANA ROO,ISLA MUJERES
QUINTANA ROO,OTHON P. BLANCO
QUINTANA ROO,BENITO JUAREZ
QUINTANA ROO,JOSE MARIA MORELOS
QUINTANA ROO,LAZARO CARDENAS
QUINTANA ROO,SOLIDARIDAD
QUINTANA ROO,TULUM
QUINTANA ROO,BACALAR
SAN LUIS POTOSI,AHUALULCO
SAN LUIS POTOSI,ALAQUINES
SAN LUIS POTOSI,AQUISMON
SAN LUIS POTOSI,CARDENAS
SAN LUIS POTOSI,CATORCE
SAN LUIS POTOSI,CEDRAL
SAN LUIS POTOSI,CERRITOS
SAN LUIS POTOSI,CERRO DE SAN PEDRO
SAN LUIS POTOSI,CIUDAD DEL MAIZ
SAN LUIS POTOSI,CIUDAD FERNANDEZ
SAN LUIS POTOSI,TANCANHUITZ
SAN LUIS POTOSI,CIUDAD VALLES
SAN LUIS POTOSI,EBANO
SAN LUIS POTOSI,GUADALCAZAR
SAN LUIS POTOSI,MATEHUALA
SAN LUIS POTOSI,MEXQUITIC DE CARMONA
SAN LUIS POTOSI,MOCTEZUMA
SAN LUIS POTOSI,RAYON
SAN LUIS POTOSI,RIOVERDE
SAN LUIS POTOSI,SALINAS
SAN LUIS POTOSI,SAN CIRO DE ACOSTA
SAN LUIS POTOSI,SAN LUIS POTOSI
SAN LUIS POTOSI,SAN MARTIN CHALCHICUAUTLA
SAN LUIS POTOSI,SANTA MARIA DEL RIO
SAN LUIS POTOSI,SANTO DOMINGO
SAN LUIS POTOSI,SAN VICENTE TANCUAYALAB
SAN LUIS POTOSI,SOLEDAD DE GRACIANO SANCHEZ
SAN LUIS POTOSI,TAMAZUNCHALE
SAN LUIS POTOSI,TAMPACAN
SAN LUIS POTOSI,TAMUIN
SAN LUIS POTOSI,TIERRA NUEVA
SAN LUIS POTOSI,VENADO
SAN LUIS POTOSI,VILLA DE ARRIAGA
SAN LUIS POTOSI,VILLA DE GUADALUPE
SAN LUIS POTOSI,VILLA DE LA PAZ
SAN LUIS POTOSI,VILLA DE RAMOS
SAN LUIS POTOSI,VILLA DE REYES
SAN LUIS POTOSI,VILLA HIDALGO
SAN LUIS POTOSI,AXTLA DE TERRAZAS
SAN LUIS POTOSI,ZARAGOZA
SAN LUIS POTOSI,VILLA DE ARISTA
SAN LUIS POTOSI,MATLAPA
SAN LUIS POTOSI,EL NARANJO
SINALOA,AHOME
SINALOA,ANGOSTURA
SINALOA,BADIRAGUATO
SINALOA,CONCORDIA
SINALOA,COSALA
SINALOA,CULIACAN
SINALOA,CHOIX
SINALOA,ESCUINAPA
SINALOA,EL FUERTE
SINALOA,GUASAVE
SINALOA,MAZATLAN
SINALOA,MOCORITO
SINALOA,ROSARIO
SINALOA,SALVADOR ALVARADO
SINALOA,SINALOA
SINALOA,NAVOLATO
SONORA,AGUA PRIETA
SONORA,ALAMOS
SONORA,ALTAR
SONORA,BACUM
SONORA,BENJAMIN HILL
SONORA,CABORCA
SONORA,CAJEME
SONORA,CANANEA
SONORA,EMPALME
SONORA,ETCHOJOA
SONORA,GUAYMAS
SONORA,HERMOSILLO
SONORA,HUATABAMPO
SONORA,IMURIS
SONORA,MAGDALENA
SONORA,NACO
SONORA,NACOZARI DE GARCIA
SONORA,NAVOJOA
SONORA,NOGALES
SONORA,PITIQUITO
SONORA,PUERTO PEÑASCO
SONORA,SAN JAVIER
SONORA,SAN LUIS RIO COLORADO
SONORA,SAN MIGUEL DE HORCASITAS
SONORA,SANTA ANA
SONORA,GENERAL PLUTARCO ELIAS CALLES
SONORA,BENITO JUAREZ
SONORA,SAN IGNACIO RIO MUERTO
TABASCO,BALANCAN
TABASCO,CARDENAS
TABASCO,CENTLA
TABASCO,CENTRO
TABASCO,COMALCALCO
TABASCO,CUNDUACAN
TABASCO,EMILIANO ZAPATA
TABASCO,HUIMANGUILLO
TABASCO,JALPA DE MENDEZ
TABASCO,JONUTA
TABASCO,MACUSPANA
TABASCO,NACAJUCA
TABASCO,PARAISO
TABASCO,TACOTALPA
TABASCO,TEAPA
TABASCO,TENOSIQUE
TAMAULIPAS,ABASOLO
TAMAULIPAS,ALDAMA
TAMAULIPAS,ALTAMIRA
TAMAULIPAS,CAMARGO
TAMAULIPAS,CASAS
TAMAULIPAS,CIUDAD MADERO
TAMAULIPAS,GOMEZ FARIAS
TAMAULIPAS,GONZALEZ
TAMAULIPAS,GÑEMEZ
TAMAULIPAS,GUERRERO
TAMAULIPAS,GUSTAVO DIAZ ORDAZ
TAMAULIPAS,HIDALGO
TAMAULIPAS,JAUMAVE
TAMAULIPAS,JIMENEZ
TAMAULIPAS,LLERA
TAMAULIPAS,MAINERO
TAMAULIPAS,EL MANTE
TAMAULIPAS,MATAMOROS
TAMAULIPAS,MENDEZ
TAMAULIPAS,MIGUEL ALEMAN
TAMAULIPAS,NUEVO LAREDO
TAMAULIPAS,NUEVO MORELOS
TAMAULIPAS,OCAMPO
TAMAULIPAS,PADILLA
TAMAULIPAS,REYNOSA
TAMAULIPAS,RIO BRAVO
TAMAULIPAS,SAN CARLOS
TAMAULIPAS,SAN FERNANDO
TAMAULIPAS,SOTO LA MARINA
TAMAULIPAS,TAMPICO
TAMAULIPAS,TULA
TAMAULIPAS,VALLE HERMOSO
TAMAULIPAS,VICTORIA
TAMAULIPAS,VILLAGRAN
TAMAULIPAS,XICOTENCATL
TLAXCALA,AMAXAC DE GUERRERO
TLAXCALA,APETATITLAN DE ANTONIO CARVAJAL
TLAXCALA,ATLTZAYANCA
TLAXCALA,APIZACO
TLAXCALA,CALPULALPAN
TLAXCALA,EL CARMEN TEQUEXQUITLA
TLAXCALA,CUAPIAXTLA
TLAXCALA,CUAXOMULCO
TLAXCALA,CHIAUTEMPAN
TLAXCALA,MUÑOZ DE DOMINGO ARENAS
TLAXCALA,ESPAÑITA
TLAXCALA,HUAMANTLA
TLAXCALA,HUEYOTLIPAN
TLAXCALA,IXTACUIXTLA DE MARIANO MATAMOROS
TLAXCALA,IXTENCO
TLAXCALA,MAZATECOCHCO DE JOSE MARIA MORELOS
TLAXCALA,CONTLA DE JUAN CUAMATZI
TLAXCALA,TEPETITLA DE LARDIZABAL
TLAXCALA,SANCTORUM DE LAZARO CARDENAS
TLAXCALA,NANACAMILPA DE MARIANO ARISTA
TLAXCALA,ACUAMANALA DE MIGUEL HIDALGO
TLAXCALA,NATIVITAS
TLAXCALA,PANOTLA
TLAXCALA,SAN PABLO DEL MONTE
TLAXCALA,SANTA CRUZ TLAXCALA
TLAXCALA,TENANCINGO
TLAXCALA,TEOLOCHOLCO
TLAXCALA,TEPEYANCO
TLAXCALA,TERRENATE
TLAXCALA,TETLA DE LA SOLIDARIDAD
TLAXCALA,TETLATLAHUCA
TLAXCALA,TLAXCALA
TLAXCALA,TLAXCO
TLAXCALA,TOCATLAN
TLAXCALA,TOTOLAC
TLAXCALA,ZILTLALTEPEC DE TRINIDAD SANCHEZ SANTOS
TLAXCALA,TZOMPANTEPEC
TLAXCALA,XALOZTOC
TLAXCALA,XALTOCAN
TLAXCALA,PAPALOTLA DE XICOHTENCATL
TLAXCALA,XICOHTZINCO
TLAXCALA,YAUHQUEMEHCAN
TLAXCALA,ZACATELCO
TLAXCALA,BENITO JUAREZ
TLAXCALA,EMILIANO ZAPATA
TLAXCALA,LAZARO CARDENAS
TLAXCALA,LA MAGDALENA TLALTELULCO
TLAXCALA,SAN DAMIAN TEXOLOC
TLAXCALA,SAN FRANCISCO TETLANOHCAN
TLAXCALA,SAN JERONIMO ZACUALPAN
TLAXCALA,SAN JOSE TEACALCO
TLAXCALA,SAN JUAN HUACTZINCO
TLAXCALA,SAN LORENZO AXOCOMANITLA
TLAXCALA,SAN LUCAS TECOPILCO
TLAXCALA,SANTA ANA NOPALUCAN
TLAXCALA,SANTA APOLONIA TEACALCO
TLAXCALA,SANTA CATARINA AYOMETLA
TLAXCALA,SANTA CRUZ QUILEHTLA
TLAXCALA,SANTA ISABEL XILOXOXTLA
VERACRUZ DE IGNACIO DE LA LLAVE,ACAJETE
VERACRUZ DE IGNACIO DE LA LLAVE,ACATLAN
VERACRUZ DE IGNACIO DE LA LLAVE,ACAYUCAN
VERACRUZ DE IGNACIO DE LA LLAVE,ACTOPAN
VERACRUZ DE IGNACIO DE LA LLAVE,ACULA
VERACRUZ DE IGNACIO DE LA LLAVE,ACULTZINGO
VERACRUZ DE IGNACIO DE LA LLAVE,CAMARON DE TEJEDA
VERACRUZ DE IGNACIO DE LA LLAVE,ALPATLAHUAC
VERACRUZ DE IGNACIO DE LA LLAVE,ALTO LUCERO DE GUTIERREZ BARRIOS
VERACRUZ DE IGNACIO DE LA LLAVE,ALTOTONGA
VERACRUZ DE IGNACIO DE LA LLAVE,ALVARADO
VERACRUZ DE IGNACIO DE LA LLAVE,AMATITLAN
VERACRUZ DE IGNACIO DE LA LLAVE,NARANJOS AMATLAN
VERACRUZ DE IGNACIO DE LA LLAVE,AMATLAN DE LOS REYES
VERACRUZ DE IGNACIO DE LA LLAVE,ANGEL R. CABADA
VERACRUZ DE IGNACIO DE LA LLAVE,LA ANTIGUA
VERACRUZ DE IGNACIO DE LA LLAVE,APAZAPAN
VERACRUZ DE IGNACIO DE LA LLAVE,ASTACINGA
VERACRUZ DE IGNACIO DE LA LLAVE,ATOYAC
VERACRUZ DE IGNACIO DE LA LLAVE,ATZACAN
VERACRUZ DE IGNACIO DE LA LLAVE,ATZALAN
VERACRUZ DE IGNACIO DE LA LLAVE,TLALTETELA
VERACRUZ DE IGNACIO DE LA LLAVE,AYAHUALULCO
VERACRUZ DE IGNACIO DE LA LLAVE,BANDERILLA
VERACRUZ DE IGNACIO DE LA LLAVE,BENITO JUAREZ
VERACRUZ DE IGNACIO DE LA LLAVE,BOCA DEL RIO
VERACRUZ DE IGNACIO DE LA LLAVE,CALCAHUALCO
VERACRUZ DE IGNACIO DE LA LLAVE,CAMERINO Z. MENDOZA
VERACRUZ DE IGNACIO DE LA LLAVE,CARRILLO PUERTO
VERACRUZ DE IGNACIO DE LA LLAVE,CATEMACO
VERACRUZ DE IGNACIO DE LA LLAVE,CAZONES DE HERRERA
VERACRUZ DE IGNACIO DE LA LLAVE,CERRO AZUL
VERACRUZ DE IGNACIO DE LA LLAVE,CITLALTEPETL
VERACRUZ DE IGNACIO DE LA LLAVE,COACOATZINTLA
VERACRUZ DE IGNACIO DE LA LLAVE,COAHUITLAN
VERACRUZ DE IGNACIO DE LA LLAVE,COATEPEC
VERACRUZ DE IGNACIO DE LA LLAVE,COATZACOALCOS
VERACRUZ DE IGNACIO DE LA LLAVE,COATZINTLA
VERACRUZ DE IGNACIO DE LA LLAVE,COETZALA
VERACRUZ DE IGNACIO DE LA LLAVE,COLIPA
VERACRUZ DE IGNACIO DE LA LLAVE,COMAPA
VERACRUZ DE IGNACIO DE LA LLAVE,CORDOBA
VERACRUZ DE IGNACIO DE LA LLAVE,COSAMALOAPAN DE CARPIO
VERACRUZ DE IGNACIO DE LA LLAVE,COSAUTLAN DE CARVAJAL
VERACRUZ DE IGNACIO DE LA LLAVE,COSCOMATEPEC
VERACRUZ DE IGNACIO DE LA LLAVE,COSOLEACAQUE
VERACRUZ DE IGNACIO DE LA LLAVE,COTAXTLA
VERACRUZ DE IGNACIO DE LA LLAVE,COXQUIHUI
VERACRUZ DE IGNACIO DE LA LLAVE,COYUTLA
VERACRUZ DE IGNACIO DE LA LLAVE,CUICHAPA
VERACRUZ DE IGNACIO DE LA LLAVE,CUITLAHUAC
VERACRUZ DE IGNACIO DE LA LLAVE,CHACALTIANGUIS
VERACRUZ DE IGNACIO DE LA LLAVE,CHALMA
VERACRUZ DE IGNACIO DE LA LLAVE,CHICONAMEL
VERACRUZ DE IGNACIO DE LA LLAVE,CHICONQUIACO
VERACRUZ DE IGNACIO DE LA LLAVE,CHICONTEPEC
VERACRUZ DE IGNACIO DE LA LLAVE,CHINAMECA
VERACRUZ DE IGNACIO DE LA LLAVE,CHINAMPA DE GOROSTIZA
VERACRUZ DE IGNACIO DE LA LLAVE,LAS CHOAPAS
VERACRUZ DE IGNACIO DE LA LLAVE,CHOCAMAN
VERACRUZ DE IGNACIO DE LA LLAVE,CHONTLA
VERACRUZ DE IGNACIO DE LA LLAVE,EMILIANO ZAPATA
VERACRUZ DE IGNACIO DE LA LLAVE,ESPINAL
VERACRUZ DE IGNACIO DE LA LLAVE,FORTIN
VERACRUZ DE IGNACIO DE LA LLAVE,GUTIERREZ ZAMORA
VERACRUZ DE IGNACIO DE LA LLAVE,HIDALGOTITLAN
VERACRUZ DE IGNACIO DE LA LLAVE,HUATUSCO
VERACRUZ DE IGNACIO DE LA LLAVE,HUAYACOCOTLA
VERACRUZ DE IGNACIO DE LA LLAVE,HUEYAPAN DE OCAMPO
VERACRUZ DE IGNACIO DE LA LLAVE,HUILOAPAN DE CUAUHTEMOC
VERACRUZ DE IGNACIO DE LA LLAVE,IGNACIO DE LA LLAVE
VERACRUZ DE IGNACIO DE LA LLAVE,ISLA
VERACRUZ DE IGNACIO DE LA LLAVE,IXCATEPEC
VERACRUZ DE IGNACIO DE LA LLAVE,IXHUACAN DE LOS REYES
VERACRUZ DE IGNACIO DE LA LLAVE,IXHUATLAN DEL CAFE
VERACRUZ DE IGNACIO DE LA LLAVE,IXHUATLANCILLO
VERACRUZ DE IGNACIO DE LA LLAVE,IXHUATLAN DEL SURESTE
VERACRUZ DE IGNACIO DE LA LLAVE,IXHUATLAN DE MADERO
VERACRUZ DE IGNACIO DE LA LLAVE,IXMATLAHUACAN
VERACRUZ DE IGNACIO DE LA LLAVE,IXTACZOQUITLAN
VERACRUZ DE IGNACIO DE LA LLAVE,JALACINGO
VERACRUZ DE IGNACIO DE LA LLAVE,XALAPA
VERACRUZ DE IGNACIO DE LA LLAVE,JALCOMULCO
VERACRUZ DE IGNACIO DE LA LLAVE,JALTIPAN
VERACRUZ DE IGNACIO DE LA LLAVE,JAMAPA
VERACRUZ DE IGNACIO DE LA LLAVE,JESUS CARRANZA
VERACRUZ DE IGNACIO DE LA LLAVE,XICO
VERACRUZ DE IGNACIO DE LA LLAVE,JILOTEPEC
VERACRUZ DE IGNACIO DE LA LLAVE,JUAN RODRIGUEZ CLARA
VERACRUZ DE IGNACIO DE LA LLAVE,JUCHIQUE DE FERRER
VERACRUZ DE IGNACIO DE LA LLAVE,LERDO DE TEJADA
VERACRUZ DE IGNACIO DE LA LLAVE,MAGDALENA
VERACRUZ DE IGNACIO DE LA LLAVE,MALTRATA
VERACRUZ DE IGNACIO DE LA LLAVE,MANLIO FABIO ALTAMIRANO
VERACRUZ DE IGNACIO DE LA LLAVE,MARIANO ESCOBEDO
VERACRUZ DE IGNACIO DE LA LLAVE,MARTINEZ DE LA TORRE
VERACRUZ DE IGNACIO DE LA LLAVE,MECAYAPAN
VERACRUZ DE IGNACIO DE LA LLAVE,MEDELLIN DE BRAVO
VERACRUZ DE IGNACIO DE LA LLAVE,MIAHUATLAN
VERACRUZ DE IGNACIO DE LA LLAVE,MINATITLAN
VERACRUZ DE IGNACIO DE LA LLAVE,MISANTLA
VERACRUZ DE IGNACIO DE LA LLAVE,MIXTLA DE ALTAMIRANO
VERACRUZ DE IGNACIO DE LA LLAVE,MOLOACAN
VERACRUZ DE IGNACIO DE LA LLAVE,MEDELLIN DE BRAVO
VERACRUZ DE IGNACIO DE LA LLAVE,NAOLINCO
VERACRUZ DE IGNACIO DE LA LLAVE,NARANJAL
VERACRUZ DE IGNACIO DE LA LLAVE,NAUTLA
VERACRUZ DE IGNACIO DE LA LLAVE,NOGALES
VERACRUZ DE IGNACIO DE LA LLAVE,OLUTA
VERACRUZ DE IGNACIO DE LA LLAVE,OMEALCA
VERACRUZ DE IGNACIO DE LA LLAVE,ORIZABA
VERACRUZ DE IGNACIO DE LA LLAVE,OTATITLAN
VERACRUZ DE IGNACIO DE LA LLAVE,OTEAPAN
VERACRUZ DE IGNACIO DE LA LLAVE,OZULUAMA DE MASCAREÑAS
VERACRUZ DE IGNACIO DE LA LLAVE,PAJAPAN
VERACRUZ DE IGNACIO DE LA LLAVE,PANUCO
VERACRUZ DE IGNACIO DE LA LLAVE,PAPANTLA
VERACRUZ DE IGNACIO DE LA LLAVE,PASO DEL MACHO
VERACRUZ DE IGNACIO DE LA LLAVE,PASO DE OVEJAS
VERACRUZ DE IGNACIO DE LA LLAVE,LA PERLA
VERACRUZ DE IGNACIO DE LA LLAVE,PEROTE
VERACRUZ DE IGNACIO DE LA LLAVE,PLATON SANCHEZ
VERACRUZ DE IGNACIO DE LA LLAVE,PLAYA VICENTE
VERACRUZ DE IGNACIO DE LA LLAVE,POZA RICA DE HIDALGO
VERACRUZ DE IGNACIO DE LA LLAVE,LAS VIGAS DE RAMIREZ
VERACRUZ DE IGNACIO DE LA LLAVE,PUEBLO VIEJO
VERACRUZ DE IGNACIO DE LA LLAVE,PUENTE NACIONAL
VERACRUZ DE IGNACIO DE LA LLAVE,RAFAEL DELGADO
VERACRUZ DE IGNACIO DE LA LLAVE,RAFAEL LUCIO
VERACRUZ DE IGNACIO DE LA LLAVE,RIO BLANCO
VERACRUZ DE IGNACIO DE LA LLAVE,SALTABARRANCA
VERACRUZ DE IGNACIO DE LA LLAVE,SAN ANDRES TENEJAPAN
VERACRUZ DE IGNACIO DE LA LLAVE,SAN ANDRES TUXTLA
VERACRUZ DE IGNACIO DE LA LLAVE,SAN JUAN EVANGELISTA
VERACRUZ DE IGNACIO DE LA LLAVE,SANTIAGO TUXTLA
VERACRUZ DE IGNACIO DE LA LLAVE,SAYULA DE ALEMAN
VERACRUZ DE IGNACIO DE LA LLAVE,SOCONUSCO
VERACRUZ DE IGNACIO DE LA LLAVE,SOCHIAPA
VERACRUZ DE IGNACIO DE LA LLAVE,SOLEDAD ATZOMPA
VERACRUZ DE IGNACIO DE LA LLAVE,SOLEDAD DE DOBLADO
VERACRUZ DE IGNACIO DE LA LLAVE,SOTEAPAN
VERACRUZ DE IGNACIO DE LA LLAVE,TAMALIN
VERACRUZ DE IGNACIO DE LA LLAVE,TAMIAHUA
VERACRUZ DE IGNACIO DE LA LLAVE,TANCOCO
VERACRUZ DE IGNACIO DE LA LLAVE,TANTIMA
VERACRUZ DE IGNACIO DE LA LLAVE,TANTOYUCA
VERACRUZ DE IGNACIO DE LA LLAVE,TATATILA
VERACRUZ DE IGNACIO DE LA LLAVE,CASTILLO DE TEAYO
VERACRUZ DE IGNACIO DE LA LLAVE,TECOLUTLA
VERACRUZ DE IGNACIO DE LA LLAVE,TEHUIPANGO
VERACRUZ DE IGNACIO DE LA LLAVE,ALAMO TEMAPACHE
VERACRUZ DE IGNACIO DE LA LLAVE,TEMPOAL
VERACRUZ DE IGNACIO DE LA LLAVE,TENAMPA
VERACRUZ DE IGNACIO DE LA LLAVE,TENOCHTITLAN
VERACRUZ DE IGNACIO DE LA LLAVE,TEOCELO
VERACRUZ DE IGNACIO DE LA LLAVE,TEPETLAN
VERACRUZ DE IGNACIO DE LA LLAVE,TEPETZINTLA
VERACRUZ DE IGNACIO DE LA LLAVE,TEQUILA
VERACRUZ DE IGNACIO DE LA LLAVE,JOSE AZUETA
VERACRUZ DE IGNACIO DE LA LLAVE,TEXHUACAN
VERACRUZ DE IGNACIO DE LA LLAVE,TEXISTEPEC
VERACRUZ DE IGNACIO DE LA LLAVE,TEZONAPA
VERACRUZ DE IGNACIO DE LA LLAVE,TIERRA BLANCA
VERACRUZ DE IGNACIO DE LA LLAVE,TIHUATLAN
VERACRUZ DE IGNACIO DE LA LLAVE,TLACOJALPAN
VERACRUZ DE IGNACIO DE LA LLAVE,TLACOLULAN
VERACRUZ DE IGNACIO DE LA LLAVE,TLACOTALPAN
VERACRUZ DE IGNACIO DE LA LLAVE,TLACOTEPEC DE MEJIA
VERACRUZ DE IGNACIO DE LA LLAVE,TLALIXCOYAN
VERACRUZ DE IGNACIO DE LA LLAVE,TLALNELHUAYOCAN
VERACRUZ DE IGNACIO DE LA LLAVE,TLAPACOYAN
VERACRUZ DE IGNACIO DE LA LLAVE,TLAQUILPA
VERACRUZ DE IGNACIO DE LA LLAVE,TLILAPAN
VERACRUZ DE IGNACIO DE LA LLAVE,TOMATLAN
VERACRUZ DE IGNACIO DE LA LLAVE,TONAYAN
VERACRUZ DE IGNACIO DE LA LLAVE,TOTUTLA
VERACRUZ DE IGNACIO DE LA LLAVE,TUXPAN
VERACRUZ DE IGNACIO DE LA LLAVE,TUXTILLA
VERACRUZ DE IGNACIO DE LA LLAVE,VEGA DE ALATORRE
VERACRUZ DE IGNACIO DE LA LLAVE,VERACRUZ
VERACRUZ DE IGNACIO DE LA LLAVE,VILLA ALDAMA
VERACRUZ DE IGNACIO DE LA LLAVE,XOXOCOTLA
VERACRUZ DE IGNACIO DE LA LLAVE,YANGA
VERACRUZ DE IGNACIO DE LA LLAVE,YECUATLA
VERACRUZ DE IGNACIO DE LA LLAVE,ZARAGOZA
VERACRUZ DE IGNACIO DE LA LLAVE,ZENTLA
VERACRUZ DE IGNACIO DE LA LLAVE,ZONGOLICA
VERACRUZ DE IGNACIO DE LA LLAVE,ZONTECOMATLAN DE LOPEZ Y FUENTES
VERACRUZ DE IGNACIO DE LA LLAVE,ZOZOCOLCO DE HIDALGO
VERACRUZ DE IGNACIO DE LA LLAVE,AGUA DULCE
VERACRUZ DE IGNACIO DE LA LLAVE,NANCHITAL DE LAZARO CARDENAS DEL RIO
VERACRUZ DE IGNACIO DE LA LLAVE,TRES VALLES
VERACRUZ DE IGNACIO DE LA LLAVE,CARLOS A. CARRILLO
VERACRUZ DE IGNACIO DE LA LLAVE,UXPANAPA
VERACRUZ DE IGNACIO DE LA LLAVE,SAN RAFAEL
VERACRUZ DE IGNACIO DE LA LLAVE,SANTIAGO SOCHIAPAN
YUCATAN,ABALA
YUCATAN,ACANCEH
YUCATAN,AKIL
YUCATAN,BACA
YUCATAN,BOKOBA
YUCATAN,BUCTZOTZ
YUCATAN,CACALCHEN
YUCATAN,CALOTMUL
YUCATAN,CANSAHCAB
YUCATAN,CANTAMAYEC
YUCATAN,CELESTUN
YUCATAN,CENOTILLO
YUCATAN,CONKAL
YUCATAN,CUNCUNUL
YUCATAN,CUZAMA
YUCATAN,CHACSINKIN
YUCATAN,CHANKOM
YUCATAN,CHAPAB
YUCATAN,CHEMAX
YUCATAN,CHICXULUB PUEBLO
YUCATAN,CHICHIMILA
YUCATAN,CHIKINDZONOT
YUCATAN,CHOCHOLA
YUCATAN,CHUMAYEL
YUCATAN,DZAN
YUCATAN,DZEMUL
YUCATAN,DZIDZANTUN
YUCATAN,DZILAM DE BRAVO
YUCATAN,DZILAM GONZALEZ
YUCATAN,DZITAS
YUCATAN,DZONCAUICH
YUCATAN,ESPITA
YUCATAN,HALACHO
YUCATAN,HOCABA
YUCATAN,HOCTUN
YUCATAN,HOMUN
YUCATAN,HUHI
YUCATAN,HUNUCMA
YUCATAN,IXIL
YUCATAN,IZAMAL
YUCATAN,KANASIN
YUCATAN,KANTUNIL
YUCATAN,KAUA
YUCATAN,KINCHIL
YUCATAN,KOPOMA
YUCATAN,MAMA
YUCATAN,MANI
YUCATAN,MAXCANU
YUCATAN,MAYAPAN
YUCATAN,MERIDA
YUCATAN,MOCOCHA
YUCATAN,MOTUL
YUCATAN,MUNA
YUCATAN,MUXUPIP
YUCATAN,OPICHEN
YUCATAN,OXKUTZCAB
YUCATAN,PANABA
YUCATAN,PETO
YUCATAN,PROGRESO
YUCATAN,QUINTANA ROO
YUCATAN,RIO LAGARTOS
YUCATAN,SACALUM
YUCATAN,SAMAHIL
YUCATAN,SANTA ELENA
YUCATAN,SEYE
YUCATAN,SINANCHE
YUCATAN,SOTUTA
YUCATAN,SUCILA
YUCATAN,SUDZAL
YUCATAN,SUMA
YUCATAN,TAHMEK
YUCATAN,TEABO
YUCATAN,TECOH
YUCATAN,TEKAL DE VENEGAS
YUCATAN,TEKANTO
YUCATAN,TEKAX
YUCATAN,TEKIT
YUCATAN,TEKOM
YUCATAN,TELCHAC PUEBLO
YUCATAN,TELCHAC PUERTO
YUCATAN,TEMAX
YUCATAN,TEMOZON
YUCATAN,TEPAKAN
YUCATAN,TETIZ
YUCATAN,TEYA
YUCATAN,TICUL
YUCATAN,TIMUCUY
YUCATAN,TINUM
YUCATAN,TIXCACALCUPUL
YUCATAN,TIXKOKOB
YUCATAN,TIXMEHUAC
YUCATAN,TIXPEHUAL
YUCATAN,TIZIMIN
YUCATAN,TUNKAS
YUCATAN,TZUCACAB
YUCATAN,UAYMA
YUCATAN,UCU
YUCATAN,UMAN
YUCATAN,VALLADOLID
YUCATAN,XOCCHEL
YUCATAN,YAXCABA
YUCATAN,YAXKUKUL
YUCATAN,YOBAIN
ZACATECAS,CALERA
ZACATECAS,CONCEPCION DEL ORO
ZACATECAS,FRESNILLO
ZACATECAS,GENERAL PANFILO NATERA
ZACATECAS,GUADALUPE
ZACATECAS,JALPA
ZACATECAS,JEREZ
ZACATECAS,LORETO
ZACATECAS,LUIS MOYA
ZACATECAS,MORELOS
ZACATECAS,NORIA DE ANGELES
ZACATECAS,OJOCALIENTE
ZACATECAS,PINOS
ZACATECAS,SAIN ALTO
ZACATECAS,VETAGRANDE
ZACATECAS,VILLA DE COS
ZACATECAS,VILLA GARCIA
ZACATECAS,VILLA GONZALEZ ORTEGA
ZACATECAS,ZACATECAS
ZACATECAS,TRANCOSO